{"cameraMode":{"drawMode":0,"name":"Shaded","section":"Shading Mode"},"sceneLighting":false,"audioPlay":false,"sceneViewState":{"showFog":false,"showMaterialUpdate":false,"showSkybox":false,"showFlares":false,"showImageEffects":false,"showParticleSystems":false},"in2DMode":false,"pivot":{"x":30.104698181152345,"y":24.224916458129884,"z":-53.51953125},"rotation":{"x":-0.00030911064823158085,"y":-0.0008994903182610869,"z":-1.9337550227760404e-8,"w":-1.0000087022781373},"size":23.75262451171875,"orthographic":true}